{
  "apikey": "44e2ded5-dfd4-4977-b6ca-7e5c5f65b1b4",
  "matches": [
    {
      "id": "2e3116aa-8302-4954-a5a2-9ba4e7469204",
      "dateTimeGMT": "2024-04-26T14:30:00",
      "matchType": "t20",
      "status": "Match not started",
      "ms": "fixture",
      "t1": "Pakistan Women [PAKW]",
      "t2": "West Indies Women [WIW]",
      "t1s": "0/0",
      "t2s": "0/0",
      "t1img": "https://g.cricapi.com/iapi/67-637877074931980375.webp?w=48",
      "t2img": "https://g.cricapi.com/iapi/102-637877078650138806.webp?w=48",
      "series": "West Indies women tour of Pakistan, 2024"
    },

    {
      "id": "e908e068-d198-4c25-8907-5383018ae984",
      "dateTimeGMT": "2024-04-26T14:00:00",
      "matchType": "t20",
      "status": "Match not started",
      "ms": "fixture",
      "t1": "Kolkata Knight Riders [KKR]",
      "t2": "Punjab Kings [PBKS]",
      "t1s": "0/0",
      "t2s": "0/0",
      "t1img": "https://g.cricapi.com/iapi/206-637852958714346149.png?w=48",
      "t2img": "https://g.cricapi.com/iapi/247-637852956959778791.png?w=48",
      "series": "Indian Premier League 2024"
    },
    {
      "id": "9059b9d9-6944-41fc-b7a6-104719a65085",
      "dateTimeGMT": "2024-04-26T10:00:00",
      "matchType": "test",
      "status": "Match not started",
      "ms": "fixture",
      "t1": "Somerset [SOM]",
      "t2": "Worcestershire [WRCS]",
      "t1s": "0/0",
      "t2s": "0/0",
      "t1img": "https://g.cricapi.com/iapi/1131-637885552070524344.webp?w=48",
      "t2img": "https://g.cricapi.com/iapi/1138-637889091123850841.webp?w=48",
      "series": "County Championship Division One 2024"
    },
    {
      "id": "d0eebdff-8139-4c16-9a40-86a9e339a67e",
      "dateTimeGMT": "2024-04-26T10:00:00",
      "matchType": "test",
      "status": "Match not started",
      "ms": "fixture",
      "t1": "Nottinghamshire [NOT]",
      "t2": "Warwickshire [WRKS]",
      "t1s": "0/0",
      "t2s": "0/0",
      "t1img": "https://g.cricapi.com/iapi/1130-637889092060873937.webp?w=48",
      "t2img": "https://g.cricapi.com/iapi/1137-637885552592685258.webp?w=48",
      "series": "County Championship Division One 2024"
    },
    {
      "id": "7e260f12-78a2-4236-b9b5-b19dd80765fa",
      "dateTimeGMT": "2024-04-26T10:00:00",
      "matchType": "test",
      "status": "Match not started",
      "ms": "fixture",
      "t1": "Hampshire [HAM]",
      "t2": "Surrey [SUR]",
      "t1s": "0/0",
      "t2s": "0/0",
      "t1img": "https://g.cricapi.com/iapi/1122-637885550993657486.webp?w=48",
      "t2img": "https://g.cricapi.com/iapi/1133-637885552361099530.webp?w=48",
      "series": "County Championship Division One 2024"
    },
    {
      "id": "e7ba77a9-0aec-485b-9b28-3b4f64b661d8",
      "dateTimeGMT": "2024-04-26T10:00:00",
      "matchType": "test",
      "status": "Match not started",
      "ms": "fixture",
      "t1": "Durham [DURH]",
      "t2": "Essex [ESX]",
      "t1s": "0/0",
      "t2s": "0/0",
      "t1img": "https://g.cricapi.com/iapi/1118-637889090599643548.webp?w=48",
      "t2img": "https://g.cricapi.com/iapi/1119-637885549753088458.webp?w=48",
      "series": "County Championship Division One 2024"
    },
    {
      "id": "c04f1339-6606-43e3-9326-e4005a5cc7f7",
      "dateTimeGMT": "2024-04-26T10:00:00",
      "matchType": "test",
      "status": "Match not started",
      "ms": "fixture",
      "t1": "Gloucestershire [GLOU]",
      "t2": "Middlesex [MDX]",
      "t1s": "0/0",
      "t2s": "0/0",
      "t1img": "https://g.cricapi.com/iapi/1121-637885550747990018.webp?w=48",
      "t2img": "https://g.cricapi.com/iapi/1127-637889091340507643.webp?w=48",
      "series": "County Championship Division Two 2024"
    },
    {
      "id": "5ef64e61-0380-48e4-81ce-a7d5bea643f7",
      "dateTimeGMT": "2024-04-26T10:00:00",
      "matchType": "test",
      "status": "Match not started",
      "ms": "fixture",
      "t1": "Leicestershire [LECS]",
      "t2": "Northamptonshire [NOR]",
      "t1s": "0/0",
      "t2s": "0/0",
      "t1img": "https://g.cricapi.com/iapi/1126-637889090878436462.webp?w=48",
      "t2img": "https://g.cricapi.com/iapi/1129-637885551856435418.webp?w=48",
      "series": "County Championship Division Two 2024"
    },
    {
      "id": "e09bc632-32d5-440c-ba67-5ec164c2b4d5",
      "dateTimeGMT": "2024-04-26T10:00:00",
      "matchType": "test",
      "status": "Match not started",
      "ms": "fixture",
      "t1": "Derbyshire [DERB]",
      "t2": "Yorkshire [YRK]",
      "t1s": "0/0",
      "t2s": "0/0",
      "t1img": "https://g.cricapi.com/iapi/1117-637889091569915358.webp?w=48",
      "t2img": "https://g.cricapi.com/iapi/1139-637885552795894277.webp?w=48",
      "series": "County Championship Division Two 2024"
    },
    {
      "id": "4141a8a6-f3bb-4032-9f08-24e33308c3d6",
      "dateTimeGMT": "2024-04-25T14:30:00",
      "matchType": "t20",
      "status": "Match not started",
      "ms": "fixture",
      "t1": "New Zealand [NZ]",
      "t2": "Pakistan [PAK]",
      "t1s": "0/0",
      "t2s": "0/0",
      "t1img": "https://g.cricapi.com/iapi/57-637877076980737903.webp?w=48",
      "t2img": "https://g.cricapi.com/iapi/66-637877075103236690.webp?w=48",
      "series": "New Zealand tour of Pakistan, 2024"
    },
    {
      "id": "7f238703-ca73-42e5-9759-f8295e0ba014",
      "dateTimeGMT": "2024-04-25T14:00:00",
      "matchType": "t20",
      "status": "Royal Challengers Bengaluru won by 8 wkts",
      "ms": "fixture",
      "t1": "Royal Challengers Bengaluru [RCB]",
      "t2": "Sunrisers Hyderabad [SRH]",
      "t1s": "196/2 (20)",
      "t2s": "194/8 (19)",
      "t1img": "https://g.cricapi.com/iapi/21439-638468478038395955.jpg?w=48",
      "t2img": "https://g.cricapi.com/iapi/279-637852957609490368.png?w=48",
      "series": "Indian Premier League 2024"
    },
    {
      "id": "7403ce3f-97bb-49ec-a81b-4c9de7a05304",
      "dateTimeGMT": "2024-04-19T14:00:00",
      "matchType": "t20",
      "status": "Lucknow Super Giants won by 8 wkts",
      "ms": "result",
      "t1": "Chennai Super Kings [CSK]",
      "t2": "Lucknow Super Giants [LSG]",
      "t1s": "176/6 (20)",
      "t2s": "180/2 (19)",
      "t1img": "https://g.cricapi.com/iapi/135-637852956181378533.png?w=48",
      "t2img": "https://g.cricapi.com/iapi/215-637876059669009476.png?w=48",
      "series": "Indian Premier League 2024"
    },
    {
      "id": "8ab3f436-7c54-4374-8868-b11bcfd5f91e",
      "dateTimeGMT": "2024-04-19T11:00:00",
      "matchType": "t20",
      "status": "There is no scorecard available for this match.",
      "ms": "result",
      "t1": "Netherlands Women [NET-W]",
      "t2": "United States Women [USW]",
      "t1s": "0/0",
      "t2s": "0/0",
      "t1img": "https://g.cricapi.com/iapi/1639-637926301346986959.webp?w=48",
      "t2img": "https://g.cricapi.com/iapi/2352-637985730108356385.webp?w=48",
      "series": "Womens T20I Quadrangular Series, 2024"
    },
    {
      "id": "6e613151-2adf-4870-a85b-28a2becf1aa1",
      "dateTimeGMT": "2024-04-19T10:30:00",
      "matchType": "t20",
      "status": "Oman won by 5 wkts",
      "ms": "result",
      "t1": "Hong Kong [HKG]",
      "t2": "Oman [OMAN]",
      "t1s": "130/9 (20)",
      "t2s": "132/5 (19.2)",
      "t1img": "https://g.cricapi.com/iapi/611-637877089158155520.webp?w=48",
      "t2img": "https://g.cricapi.com/iapi/64-637877083212505394.webp?w=48",
      "series": "ACC Mens T20I Premier Cup, 2024"
    },

    {
      "id": "14ffae82-624a-4a9b-90ff-698885430532",
      "dateTimeGMT": "2024-04-19T10:00:00",
      "matchType": "test",
      "status": "Day 1: Stumps - Surrey opt to bowl",
      "ms": "live",
      "t1": "Kent [KENT]",
      "t2": "Surrey [SUR]",
      "t1s": "111/3 (39)",
      "t2s": "0/0",
      "t1img": "https://g.cricapi.com/iapi/1124-637885551212175895.webp?w=48",
      "t2img": "https://g.cricapi.com/iapi/1133-637885552361099530.webp?w=48",
      "series": "County Championship Division One 2024"
    },
    {
      "id": "0160bf26-1a88-48ed-80ae-66f76c6d0e9f",
      "dateTimeGMT": "2024-04-19T10:00:00",
      "matchType": "test",
      "status": "Day 1: Stumps - Somerset trail by 77 runs",
      "ms": "live",
      "t1": "Nottinghamshire [NOT]",
      "t2": "Somerset [SOM]",
      "t1s": "193/10 (62.4)",
      "t2s": "116/1 (33)",
      "t1img": "https://g.cricapi.com/iapi/1130-637889092060873937.webp?w=48",
      "t2img": "https://g.cricapi.com/iapi/1131-637885552070524344.webp?w=48",
      "series": "County Championship Division One 2024"
    },
    {
      "id": "1061bf78-147b-47ee-acdc-6f0961762631",
      "dateTimeGMT": "2024-04-19T10:00:00",
      "matchType": "test",
      "status": "Day 1: Stumps - Worcestershire trail by 166 runs",
      "ms": "live",
      "t1": "Durham [DURH]",
      "t2": "Worcestershire [WRCS]",
      "t1s": "244/10 (61.3)",
      "t2s": "78/4 (26)",
      "t1img": "https://g.cricapi.com/iapi/1118-637889090599643548.webp?w=48",
      "t2img": "https://g.cricapi.com/iapi/1138-637889091123850841.webp?w=48",
      "series": "County Championship Division One 2024"
    },
    {
      "id": "4da10132-1c69-456b-93ea-3b3b4edc7c8d",
      "dateTimeGMT": "2024-04-19T10:00:00",
      "matchType": "test",
      "status": "Day 1: Stumps - Sussex opt to bowl",
      "ms": "live",
      "t1": "Gloucestershire [GLOU]",
      "t2": "Sussex [SUSS]",
      "t1s": "319/8 (90)",
      "t2s": "0/0",
      "t1img": "https://g.cricapi.com/iapi/1121-637885550747990018.webp?w=48",
      "t2img": "https://g.cricapi.com/iapi/1134-637889091814592518.webp?w=48",
      "series": "County Championship Division Two 2024"
    },
    {
      "id": "4a29005c-a8b5-492e-ae79-d1cdcf186b2f",
      "dateTimeGMT": "2024-04-19T10:00:00",
      "matchType": "test",
      "status": "Day 1: Stumps - Northamptonshire opt to bowl",
      "ms": "live",
      "t1": "Glamorgan [GLAM]",
      "t2": "Northamptonshire [NOR]",
      "t1s": "203/7 (56.1)",
      "t2s": "0/0",
      "t1img": "https://g.cricapi.com/iapi/1120-637889090390357869.webp?w=48",
      "t2img": "https://g.cricapi.com/iapi/1129-637885551856435418.webp?w=48",
      "series": "County Championship Division Two 2024"
    },
    {
      "id": "f64c7496-ebe1-4f89-9ebe-bea5d2387da1",
      "dateTimeGMT": "2024-04-19T10:00:00",
      "matchType": "test",
      "status": "Day 1: Stumps - Middlesex trail by 75 runs",
      "ms": "live",
      "t1": "Middlesex [MDX]",
      "t2": "Yorkshire [YRK]",
      "t1s": "84/2 (18)",
      "t2s": "159/10 (37.4)",
      "t1img": "https://g.cricapi.com/iapi/1127-637889091340507643.webp?w=48",
      "t2img": "https://g.cricapi.com/iapi/1139-637885552795894277.webp?w=48",
      "series": "County Championship Division Two 2024"
    },
    {
      "id": "0ab2cef8-999c-4b0a-874c-83b30b5e1566",
      "dateTimeGMT": "2024-04-19T10:00:00",
      "matchType": "test",
      "status": "Day 1: Stumps - Derbyshire opt to bowl",
      "ms": "live",
      "t1": "Derbyshire [DERB]",
      "t2": "Leicestershire [LECS]",
      "t1s": "0/0",
      "t2s": "168/2 (46)",
      "t1img": "https://g.cricapi.com/iapi/1117-637889091569915358.webp?w=48",
      "t2img": "https://g.cricapi.com/iapi/1126-637889090878436462.webp?w=48",
      "series": "County Championship Division Two 2024"
    },
    {
      "id": "f4468041-dd5c-46c2-95a3-d02ee1b8fdf2",
      "dateTimeGMT": "2024-04-19T06:00:00",
      "matchType": "t20",
      "status": "United Arab Emirates won by 6 wkts",
      "ms": "result",
      "t1": "Nepal [NEP]",
      "t2": "United Arab Emirates [UAE]",
      "t1s": "119/9 (20)",
      "t2s": "123/4 (17.2)",
      "t1img": "https://g.cricapi.com/iapi/54-637877084789981539.webp?w=48",
      "t2img": "https://g.cricapi.com/iapi/92-637877081068315608.webp?w=48",
      "series": "ACC Mens T20I Premier Cup, 2024"
    },
    {
      "id": "886e5eea-633e-4a95-9bd2-fe8bdedb2af3",
      "dateTimeGMT": "2024-04-18T14:30:00",
      "matchType": "t20",
      "status": "No result - due to rain",
      "ms": "result",
      "t1": "New Zealand [NZ]",
      "t2": "Pakistan [PAK]",
      "t1s": "2/1 (0.2)",
      "t2s": "0/0",
      "t1img": "https://g.cricapi.com/iapi/57-637877076980737903.webp?w=48",
      "t2img": "https://g.cricapi.com/iapi/66-637877075103236690.webp?w=48",
      "series": "New Zealand tour of Pakistan, 2024"
    },
    {
      "id": "444e1d3a-e6b3-455a-a9bc-02814d32f65d",
      "dateTimeGMT": "2024-04-18T14:00:00",
      "matchType": "t20",
      "status": "Mumbai Indians won by 9 runs",
      "ms": "result",
      "t1": "Mumbai Indians [MI]",
      "t2": "Punjab Kings [PBKS]",
      "t1s": "192/7 (20)",
      "t2s": "183/10 (19.1)",
      "t1img": "https://g.cricapi.com/iapi/226-637852956375593901.png?w=48",
      "t2img": "https://g.cricapi.com/iapi/247-637852956959778791.png?w=48",
      "series": "Indian Premier League 2024"
    },
    {
      "id": "0f3954d6-5b2d-449a-8c20-8a7a9fb57d34",
      "dateTimeGMT": "2024-04-18T11:30:00",
      "matchType": "t20",
      "status": "Ireland Women won by 8 wkts",
      "ms": "result",
      "t1": "Ireland Women [IRW]",
      "t2": "Thailand Women [THW]",
      "t1s": "83/2 (13.2)",
      "t2s": "79/10 (19)",
      "t1img": "https://g.cricapi.com/iapi/1420-637926315409640205.png?w=48",
      "t2img": "https://g.cricapi.com/iapi/2351-637985730472466346.webp?w=48",
      "series": "Ireland Women v Thailand Women in UAE, 2024"
    },
    {
      "id": "b61557b6-22fa-4c14-a407-79edf2b2e1bf",
      "dateTimeGMT": "2024-04-18T04:30:00",
      "matchType": "odi",
      "status": "West Indies Women won by 113 runs",
      "ms": "result",
      "t1": "Pakistan Women [PAKW]",
      "t2": "West Indies Women [WIW]",
      "t1s": "156/10 (35.5)",
      "t2s": "269/8 (50)",
      "t1img": "https://g.cricapi.com/iapi/67-637877074931980375.webp?w=48",
      "t2img": "https://g.cricapi.com/iapi/102-637877078650138806.webp?w=48",
      "series": "West Indies women tour of Pakistan, 2024"
    },
    {
      "id": "39fb6da8-c4e8-47b8-bbae-2792d463fe4e",
      "dateTimeGMT": "2024-04-17T16:00:00",
      "matchType": "t20",
      "status": "Lions won by 43 runs",
      "ms": "result",
      "t1": "Lions [LIONS]",
      "t2": "Warriors [WAR]",
      "t1s": "152/9 (20)",
      "t2s": "109/10 (19.1)",
      "t1img": "https://g.cricapi.com/iapi/43-638016114998237773.webp?w=48",
      "t2img": "https://g.cricapi.com/iapi/98-637987556857963180.webp?w=48",
      "series": "CSA T20 Challenge 2024"
    },
    {
      "id": "2b6de526-3cee-4ccf-91b2-9ebb432c4e3a",
      "dateTimeGMT": "2024-04-17T15:00:00",
      "matchType": "t20",
      "status": "There is no scorecard available for this match.",
      "ms": "result",
      "t1": "Netherlands Women [NET-W]",
      "t2": "Scotland Women [SCOW]",
      "t1s": "0/0",
      "t2s": "0/0",
      "t1img": "https://g.cricapi.com/iapi/1639-637926301346986959.webp?w=48",
      "t2img": "https://g.cricapi.com/iapi/2216-637981637047617665.webp?w=48",
      "series": "Womens T20I Quadrangular Series, 2024"
    },
    {
      "id": "5cecee1b-6cb4-454d-bb15-bc92477e77f3",
      "dateTimeGMT": "2024-04-17T14:00:00",
      "matchType": "t20",
      "status": "Delhi Capitals won by 6 wkts",
      "ms": "result",
      "t1": "Delhi Capitals [DC]",
      "t2": "Gujarat Titans [GT]",
      "t1s": "92/4 (8.5)",
      "t2s": "89/10 (17.3)",
      "t1img": "https://g.cricapi.com/iapi/148-637874596301457910.png?w=48",
      "t2img": "https://g.cricapi.com/iapi/172-637852957798476823.png?w=48",
      "series": "Indian Premier League 2024"
    },
    {
      "id": "f1cd3aa5-630e-4115-924f-b508dfa0a654",
      "dateTimeGMT": "2024-04-17T12:00:00",
      "matchType": "odi",
      "status": "Sri Lanka Women won by 6 wkts",
      "ms": "result",
      "t1": "South Africa Women [RSAW]",
      "t2": "Sri Lanka Women [SLW]",
      "t1s": "301/5 (50)",
      "t2s": "305/4 (44.3)",
      "t1img": "https://g.cricapi.com/iapi/83-637877067733114809.webp?w=48",
      "t2img": "https://g.cricapi.com/iapi/4191-638101639309122979.webp?w=48",
      "series": "Sri Lanka Women tour of South Africa, 2024"
    },
    {
      "id": "932b463b-a0fa-49a7-b4d5-3798fa26af67",
      "dateTimeGMT": "2024-04-17T11:00:00",
      "matchType": "t20",
      "status": "Boland won by 7 wkts",
      "ms": "result",
      "t1": "Boland [BL]",
      "t2": "KwaZulu-Natal Inland [KZ]",
      "t1s": "121/3 (17.4)",
      "t2s": "119/9 (20)",
      "series": "CSA T20 Challenge 2024"
    },
    {
      "id": "80b39828-864c-403c-958e-084f070e91cd",
      "dateTimeGMT": "2024-04-17T11:00:00",
      "matchType": "t20",
      "status": "There is no scorecard available for this match.",
      "ms": "result",
      "t1": "United Arab Emirates Women [UAEW]",
      "t2": "United States Women [USW]",
      "t1s": "0/0",
      "t2s": "0/0",
      "t1img": "https://g.cricapi.com/iapi/1136-637877081374906304.webp?w=48",
      "t2img": "https://g.cricapi.com/iapi/2352-637985730108356385.webp?w=48",
      "series": "Womens T20I Quadrangular Series, 2024"
    },
    {
      "id": "1cebda93-cb69-440c-89b0-d0f972b5e0d6",
      "dateTimeGMT": "2024-04-17T10:30:00",
      "matchType": "t20",
      "status": "Oman won by 46 runs",
      "ms": "result",
      "t1": "Kuwait [KUW]",
      "t2": "Oman [OMAN]",
      "t1s": "154/9 (20)",
      "t2s": "200/9 (20)",
      "t1img": "https://g.cricapi.com/iapi/621-637864920257551899.webp?w=48",
      "t2img": "https://g.cricapi.com/iapi/64-637877083212505394.webp?w=48",
      "series": "ACC Mens T20I Premier Cup, 2024"
    },
    {
      "id": "7f221b2b-13d0-4863-bb76-45a376803312",
      "dateTimeGMT": "2024-04-17T10:30:00",
      "matchType": "t20",
      "status": "United Arab Emirates won by 9 wkts",
      "ms": "result",
      "t1": "Cambodia [CB]",
      "t2": "United Arab Emirates [UAE]",
      "t1s": "76/10 (19)",
      "t2s": "79/1 (5.1)",
      "series": "ACC Mens T20I Premier Cup, 2024"
    },
    {
      "id": "9836c2b9-a3cd-494e-a09b-965e9bf2c165",
      "dateTimeGMT": "2024-04-17T06:00:00",
      "matchType": "t20",
      "status": "Hong Kong won by 7 wkts",
      "ms": "result",
      "t1": "Hong Kong [HKG]",
      "t2": "Malaysia [MAL]",
      "t1s": "144/3 (12.1)",
      "t2s": "140/9 (20)",
      "t1img": "https://g.cricapi.com/iapi/611-637877089158155520.webp?w=48",
      "t2img": "https://g.cricapi.com/iapi/625-637865062320348912.webp?w=48",
      "series": "ACC Mens T20I Premier Cup, 2024"
    },
    {
      "id": "affe30cc-8bda-40a9-a6d4-f34a846bf104",
      "dateTimeGMT": "2024-04-17T06:00:00",
      "matchType": "t20",
      "status": "Nepal won by 6 wkts - 8 Ovs game due to rain",
      "ms": "result",
      "t1": "Nepal [NEP]",
      "t2": "Saudi Arabia [SAU]",
      "t1s": "75/4 (7.2)",
      "t2s": "73/7 (8)",
      "t1img": "https://g.cricapi.com/iapi/54-637877084789981539.webp?w=48",
      "t2img": "https://g.cricapi.com/iapi/649-637877090170801940.webp?w=48",
      "series": "ACC Mens T20I Premier Cup, 2024"
    },
    {
      "id": "724ac5dc-c29c-4afe-91f4-5ef53a998c5e",
      "dateTimeGMT": "2024-04-16T15:00:00",
      "matchType": "t20",
      "status": "There is no scorecard available for this match.",
      "ms": "result",
      "t1": "Scotland Women [SCOW]",
      "t2": "United States Women [USW]",
      "t1s": "0/0",
      "t2s": "0/0",
      "t1img": "https://g.cricapi.com/iapi/2216-637981637047617665.webp?w=48",
      "t2img": "https://g.cricapi.com/iapi/2352-637985730108356385.webp?w=48",
      "series": "Womens T20I Quadrangular Series, 2024"
    },
    {
      "id": "0a606b80-7aa1-4ce8-b4c1-e0de800b3a93",
      "dateTimeGMT": "2024-04-16T14:00:00",
      "matchType": "t20",
      "status": "Rajasthan Royals won by 2 wkts",
      "ms": "result",
      "t1": "Kolkata Knight Riders [KKR]",
      "t2": "Rajasthan Royals [RR]",
      "t1s": "223/6 (20)",
      "t2s": "224/8 (20)",
      "t1img": "https://g.cricapi.com/iapi/206-637852958714346149.png?w=48",
      "t2img": "https://g.cricapi.com/iapi/251-637852956607161886.png?w=48",
      "series": "Indian Premier League 2024"
    },
    {
      "id": "cdb760aa-e2c6-4162-a406-a1adf1b524ce",
      "dateTimeGMT": "2024-04-16T11:30:00",
      "matchType": "t20",
      "status": "There is no scorecard available for this match.",
      "ms": "result",
      "t1": "Ireland Women [IRW]",
      "t2": "Thailand Women [THW]",
      "t1s": "0/0",
      "t2s": "0/0",
      "t1img": "https://g.cricapi.com/iapi/1420-637926315409640205.png?w=48",
      "t2img": "https://g.cricapi.com/iapi/2351-637985730472466346.webp?w=48",
      "series": "Ireland Women v Thailand Women in UAE, 2024"
    },
    {
      "id": "9c04ee59-153b-44de-9e32-39c80e51a199",
      "dateTimeGMT": "2024-04-16T11:00:00",
      "matchType": "t20",
      "status": "There is no scorecard available for this match.",
      "ms": "result",
      "t1": "Netherlands Women [NET-W]",
      "t2": "United Arab Emirates Women [UAEW]",
      "t1s": "0/0",
      "t2s": "0/0",
      "t1img": "https://g.cricapi.com/iapi/1639-637926301346986959.webp?w=48",
      "t2img": "https://g.cricapi.com/iapi/1136-637877081374906304.webp?w=48",
      "series": "Womens T20I Quadrangular Series, 2024"
    },
    {
      "id": "08c941bb-3895-4546-8a6a-070ca8ead8e9",
      "dateTimeGMT": "2024-04-16T10:30:00",
      "matchType": "t20",
      "status": "Bahrain won by 7 wkts",
      "ms": "result",
      "t1": "Bahrain [BHR]",
      "t2": "Cambodia [CB]",
      "t1s": "87/3 (13.1)",
      "t2s": "83/10 (17.2)",
      "series": "ACC Mens T20I Premier Cup, 2024"
    },
    {
      "id": "36e86c39-b05d-44f1-b0f8-4e508f8c32eb",
      "dateTimeGMT": "2024-04-16T06:00:00",
      "matchType": "t20",
      "status": "Qatar won by 15 runs",
      "ms": "result",
      "t1": "Qatar [QAT]",
      "t2": "Saudi Arabia [SAU]",
      "t1s": "153/9 (20)",
      "t2s": "138/8 (20)",
      "t1img": "https://g.cricapi.com/iapi/577-637877086204623715.webp?w=48",
      "t2img": "https://g.cricapi.com/iapi/649-637877090170801940.webp?w=48",
      "series": "ACC Mens T20I Premier Cup, 2024"
    },
    {
      "id": "9fa80370-0f62-4e87-ba77-1d1e925b7281",
      "dateTimeGMT": "2024-04-15T14:00:00",
      "matchType": "t20",
      "status": "Sunrisers Hyderabad won by 25 runs",
      "ms": "result",
      "t1": "Royal Challengers Bengaluru [RCB]",
      "t2": "Sunrisers Hyderabad [SRH]",
      "t1s": "262/7 (20)",
      "t2s": "287/3 (20)",
      "t1img": "https://g.cricapi.com/iapi/21439-638468478038395955.jpg?w=48",
      "t2img": "https://g.cricapi.com/iapi/279-637852957609490368.png?w=48",
      "series": "Indian Premier League 2024"
    },
    {
      "id": "ba3a6cf3-a157-44c9-8bf5-e02fd95e6697",
      "dateTimeGMT": "2024-04-15T10:30:00",
      "matchType": "t20",
      "status": "Kuwait won by 26 runs - 15 Ovs game due to rain",
      "ms": "result",
      "t1": "Bahrain [BHR]",
      "t2": "Kuwait [KUW]",
      "t1s": "135/6 (15)",
      "t2s": "161/7 (15)",
      "t1img": "https://g.cricapi.com/iapi/8-637864920538411089.webp?w=48",
      "t2img": "https://g.cricapi.com/iapi/621-637864920257551899.webp?w=48",
      "series": "ACC Mens T20I Premier Cup, 2024"
    },
    {
      "id": "00ffcb80-d2e7-4ca5-9639-10dd2062e556",
      "dateTimeGMT": "2024-04-15T10:30:00",
      "matchType": "t20",
      "status": "Oman won by 9 wkts - 15 Ovs game due to rain",
      "ms": "result",
      "t1": "Oman [OMAN]",
      "t2": "United Arab Emirates [UAE]",
      "t1s": "147/1 (12.4)",
      "t2s": "142/5 (15)",
      "t1img": "https://g.cricapi.com/iapi/64-637877083212505394.webp?w=48",
      "t2img": "https://g.cricapi.com/iapi/92-637877081068315608.webp?w=48",
      "series": "ACC Mens T20I Premier Cup, 2024"
    },
    {
      "id": "9900f7a0-412a-4b50-ae02-0b29176c8054",
      "dateTimeGMT": "2024-04-15T06:00:00",
      "matchType": "t20",
      "status": "Nepal won by 8 wkts - 18 Ovs game due to rain",
      "ms": "result",
      "t1": "Hong Kong [HKG]",
      "t2": "Nepal [NEP]",
      "t1s": "114/10 (17.5)",
      "t2s": "117/2 (12.2)",
      "t1img": "https://g.cricapi.com/iapi/611-637877089158155520.webp?w=48",
      "t2img": "https://g.cricapi.com/iapi/54-637877084789981539.webp?w=48",
      "series": "ACC Mens T20I Premier Cup, 2024"
    },
    {
      "id": "9fd85ea5-93bc-4e7c-96d6-fc81e2469548",
      "dateTimeGMT": "2024-04-15T06:00:00",
      "matchType": "t20",
      "status": "Qatar won by 4 wkts - 18 Ovs game due to rain",
      "ms": "result",
      "t1": "Malaysia [MAL]",
      "t2": "Qatar [QAT]",
      "t1s": "151/5 (18)",
      "t2s": "153/6 (17.2)",
      "t1img": "https://g.cricapi.com/iapi/625-637865062320348912.webp?w=48",
      "t2img": "https://g.cricapi.com/iapi/577-637877086204623715.webp?w=48",
      "series": "ACC Mens T20I Premier Cup, 2024"
    },
    {
      "id": "ae376820-ae9f-400f-8412-38c1889ad2e9",
      "dateTimeGMT": "2024-04-14T16:00:00",
      "matchType": "t20",
      "status": "Boland won by 5 wkts",
      "ms": "result",
      "t1": "Boland [BL]",
      "t2": "Warriors [WAR]",
      "t1s": "128/5 (17)",
      "t2s": "127/8 (20)",
      "series": "CSA T20 Challenge 2024"
    },
    {
      "id": "9a4764ad-d484-47da-b8b4-2f02f856c256",
      "dateTimeGMT": "2024-04-14T15:30:00",
      "matchType": "t20",
      "status": "Mexico won by 58 runs",
      "ms": "result",
      "t1": "Costa Rica [CRC]",
      "t2": "Mexico [MEX]",
      "t1s": "35/10 (11.1)",
      "t2s": "93/9 (20)",
      "t1img": "https://g.cricapi.com/iapi/596-637928918453494661.png?w=48",
      "t2img": "https://g.cricapi.com/iapi/628-637872735821966360.webp?w=48",
      "series": "Central American Cricket Championships 2024"
    },
    {
      "id": "18998bfa-aabc-48e3-b73e-d15f56493fa6",
      "dateTimeGMT": "2024-04-14T14:00:00",
      "matchType": "t20",
      "status": "Chennai Super Kings won by 20 runs",
      "ms": "result",
      "t1": "Chennai Super Kings [CSK]",
      "t2": "Mumbai Indians [MI]",
      "t1s": "206/4 (20)",
      "t2s": "186/6 (20)",
      "t1img": "https://g.cricapi.com/iapi/135-637852956181378533.png?w=48",
      "t2img": "https://g.cricapi.com/iapi/226-637852956375593901.png?w=48",
      "series": "Indian Premier League 2024"
    },
    {
      "id": "de9791b9-c6d3-4d7a-97d5-7bb49150c253",
      "dateTimeGMT": "2024-04-14T12:00:00",
      "matchType": "t20",
      "status": "Titans won by 8 wkts",
      "ms": "result",
      "t1": "KwaZulu-Natal Inland [KZ]",
      "t2": "Titans [TITNS]",
      "t1s": "141/10 (19.4)",
      "t2s": "142/2 (12.3)",
      "series": "CSA T20 Challenge 2024"
    },
    {
      "id": "d0c01a87-636d-417a-ae73-9cb78fe197e2",
      "dateTimeGMT": "2024-04-14T12:00:00",
      "matchType": "t20",
      "status": "Lions won by 10 wkts",
      "ms": "result",
      "t1": "Lions [LIONS]",
      "t2": "North West [NWEST]",
      "t1s": "86/0 (9.2)",
      "t2s": "85/10 (18.2)",
      "t1img": "https://g.cricapi.com/iapi/43-638016114998237773.webp?w=48",
      "t2img": "https://g.cricapi.com/iapi/60-637991981808951763.webp?w=48",
      "series": "CSA T20 Challenge 2024"
    },
    {
      "id": "09ce6948-c184-4464-87a7-7bf6eedf85d3",
      "dateTimeGMT": "2024-04-14T12:00:00",
      "matchType": "t20",
      "status": "Dolphins won by 8 wkts",
      "ms": "result",
      "t1": "Dolphins [DOL]",
      "t2": "Western Province [WPR]",
      "t1s": "99/2 (11.1)",
      "t2s": "96/10 (17)",
      "t1img": "https://g.cricapi.com/iapi/20-637993514627926036.webp?w=48",
      "t2img": "https://g.cricapi.com/iapi/104-637987555401464222.webp?w=48",
      "series": "CSA T20 Challenge 2024"
    },
    {
      "id": "52a1a47f-573a-43f7-a53b-e2408cd0b1af",
      "dateTimeGMT": "2024-04-14T10:30:00",
      "matchType": "t20",
      "status": "Saudi Arabia won by 55 runs",
      "ms": "result",
      "t1": "Hong Kong [HKG]",
      "t2": "Saudi Arabia [SAU]",
      "t1s": "147/10 (18.5)",
      "t2s": "202/8 (20)",
      "t1img": "https://g.cricapi.com/iapi/611-637877089158155520.webp?w=48",
      "t2img": "https://g.cricapi.com/iapi/649-637877090170801940.webp?w=48",
      "series": "ACC Mens T20I Premier Cup, 2024"
    },
    {
      "id": "2bd0d867-d19c-49d2-af02-d6bece47264c",
      "dateTimeGMT": "2024-04-14T10:00:00",
      "matchType": "t20",
      "status": "Kolkata Knight Riders won by 8 wkts",
      "ms": "result",
      "t1": "Kolkata Knight Riders [KKR]",
      "t2": "Lucknow Super Giants [LSG]",
      "t1s": "162/2 (15.4)",
      "t2s": "161/7 (20)",
      "t1img": "https://g.cricapi.com/iapi/206-637852958714346149.png?w=48",
      "t2img": "https://g.cricapi.com/iapi/215-637876059669009476.png?w=48",
      "series": "Indian Premier League 2024"
    },
    {
      "id": "556e2d90-989a-4173-9130-2457fd476a65",
      "dateTimeGMT": "2024-04-14T09:00:00",
      "matchType": "odi",
      "status": "Scotland Women won by 41 runs",
      "ms": "result",
      "t1": "Scotland Women [SCOW]",
      "t2": "United States Women [USW]",
      "t1s": "251/7 (50)",
      "t2s": "210/9 (50)",
      "t1img": "https://g.cricapi.com/iapi/2216-637981637047617665.webp?w=48",
      "t2img": "https://g.cricapi.com/iapi/2352-637985730108356385.webp?w=48",
      "series": "Womens ODI Tri-Series 2024"
    },
    {
      "id": "04de705d-d18f-4762-a1e6-1a2bf310fa68",
      "dateTimeGMT": "2024-04-14T09:00:00",
      "matchType": "t20",
      "status": "Spain won by 1 wkt",
      "ms": "result",
      "t1": "Jersey [JER]",
      "t2": "Spain [ESP]",
      "t1s": "141/10 (19.5)",
      "t2s": "145/9 (19.5)",
      "t1img": "https://g.cricapi.com/iapi/619-637877088641021958.webp?w=48",
      "t2img": "https://g.cricapi.com/iapi/657-637867439332284127.png?w=48",
      "series": "Jersey tour of Spain, 2024"
    },
    {
      "id": "3fe09d9f-e2d4-4dd2-8440-9740f85bfa7d",
      "dateTimeGMT": "2024-04-14T06:00:00",
      "matchType": "t20",
      "status": "Oman won by 63 runs - 11 Ovs game due to rain",
      "ms": "result",
      "t1": "Cambodia [CB]",
      "t2": "Oman [OMAN]",
      "t1s": "91/7 (11)",
      "t2s": "154/6 (11)",
      "series": "ACC Mens T20I Premier Cup, 2024"
    },
    {
      "id": "67879f4b-d3d2-4a01-91f0-37a22cf03862",
      "dateTimeGMT": "2024-04-13T15:30:00",
      "matchType": "t20",
      "status": "Costa Rica won by 42 runs",
      "ms": "result",
      "t1": "Costa Rica [CRC]",
      "t2": "Mexico [MEX]",
      "t1s": "120/9 (20)",
      "t2s": "78/10 (18)",
      "t1img": "https://g.cricapi.com/iapi/596-637928918453494661.png?w=48",
      "t2img": "https://g.cricapi.com/iapi/628-637872735821966360.webp?w=48",
      "series": "Central American Cricket Championships 2024"
    },
    {
      "id": "2200b45e-f38e-49a6-83a1-4b03ee28de09",
      "dateTimeGMT": "2024-04-13T15:00:00",
      "matchType": "t20",
      "status": "United States won by 4 wkts",
      "ms": "result",
      "t1": "Canada [CAN]",
      "t2": "United States [USA]",
      "t1s": "168/5 (20)",
      "t2s": "169/6 (19.4)",
      "t1img": "https://g.cricapi.com/iapi/14-637877085850526611.webp?w=48",
      "t2img": "https://g.cricapi.com/iapi/93-637877085206398451.webp?w=48",
      "series": "Canada tour of USA, 2024"
    },
    {
      "id": "5b968eee-d478-4181-9a20-6c8b51611568",
      "dateTimeGMT": "2024-04-13T14:00:00",
      "matchType": "t20",
      "status": "Rajasthan Royals won by 3 wkts",
      "ms": "result",
      "t1": "Punjab Kings [PBKS]",
      "t2": "Rajasthan Royals [RR]",
      "t1s": "147/8 (20)",
      "t2s": "152/7 (19.5)",
      "t1img": "https://g.cricapi.com/iapi/247-637852956959778791.png?w=48",
      "t2img": "https://g.cricapi.com/iapi/251-637852956607161886.png?w=48",
      "series": "Indian Premier League 2024"
    },
    {
      "id": "6fc06527-a614-42ec-9891-cc44de86d205",
      "dateTimeGMT": "2024-04-13T12:00:00",
      "matchType": "odi",
      "status": "South Africa Women won by 7 wkts",
      "ms": "result",
      "t1": "South Africa Women [RSAW]",
      "t2": "Sri Lanka Women [SLW]",
      "t1s": "233/3 (47.4)",
      "t2s": "229/10 (49.5)",
      "t1img": "https://g.cricapi.com/iapi/83-637877067733114809.webp?w=48",
      "t2img": "https://g.cricapi.com/iapi/4191-638101639309122979.webp?w=48",
      "series": "Sri Lanka Women tour of South Africa, 2024"
    },
    {
      "id": "1d71b272-6892-4c1e-b67e-43dd27486596",
      "dateTimeGMT": "2024-04-13T10:30:00",
      "matchType": "t20",
      "status": "Malaysia won by 12 runs",
      "ms": "result",
      "t1": "Malaysia [MAL]",
      "t2": "Saudi Arabia [SAU]",
      "t1s": "146/7 (20)",
      "t2s": "134/10 (19.1)",
      "t1img": "https://g.cricapi.com/iapi/625-637865062320348912.webp?w=48",
      "t2img": "https://g.cricapi.com/iapi/649-637877090170801940.webp?w=48",
      "series": "ACC Mens T20I Premier Cup, 2024"
    },
    {
      "id": "bb367bf3-10fb-4b0a-b0c2-dcb384088476",
      "dateTimeGMT": "2024-04-13T10:30:00",
      "matchType": "t20",
      "status": "Nepal won by 32 runs",
      "ms": "result",
      "t1": "Nepal [NEP]",
      "t2": "Qatar [QAT]",
      "t1s": "210/7 (20)",
      "t2s": "178/9 (20)",
      "t1img": "https://g.cricapi.com/iapi/54-637877084789981539.webp?w=48",
      "t2img": "https://g.cricapi.com/iapi/577-637877086204623715.webp?w=48",
      "series": "ACC Mens T20I Premier Cup, 2024"
    }
  ],
  "status": "success",
  "info": {
    "hitsToday": 3,
    "hitsUsed": 1,
    "hitsLimit": 100,
    "credits": 0,
    "server": 25,
    "queryTime": 82.6506,
    "s": 0
  }
}
